apple.jpg	apple
apple1.jpg	apple
apple2.jpg	apple
apple3.jpg	apple
apple5.jpg	apple
apple6.jpg	apple
ballon.jpg	ballon
ballon1.jpg	ballon
ballon2.jpg	ballon
ballon3.jpg	ballon
broccoli.jpg	broccoli
bubble.jpg	bubble
bubble1.jpg	bubble
bubble2.jpg	bubble
bubble3.jpeg	bubble
cake.jpg	cake
cake1.jpg	cake
cake2.jpg	cake
cake3.jpg	cake
cake6.jpg	cake
cake7.jpg	cake
cake8.jpg	cake
castle.jpg	castle
castle1.jpg	castle
castle2.jpg	castle
castle3.jpg	castle
chainsaw.jpg	chainsaw
chainsaw1.jpg	chainsaw
chainsaw2.png	chainsaw
chainsaw3.jpg	chainsaw
cup.jpg	cup
cup1.jpg	cup
cup2.jpg	cup
cup3.jpg	cup
drum.jpg	drum
drum1.jpg	drum
drum2.jpg	drum
drum3.jpg	drum
drum4.jpg	drum
golf_ball.jpg	golf ball
golf_ball1.jpg	golf ball
golf_ball2.jpg	golf ball
golf_ball3.jpg	golf ball
headphones.jpg	headphones
headphones1.jpg	headphones
headphones2.jpg	headphones
headphones3.jpeg	headphones
hotdog.jpg	hotdog
hotdog1.jpg	hotdog
hotdog2.jpg	hotdog
hotdog3.jpg	hotdog
marshmallow.jpg	marshmallow
marshmallow1.jpg	marshmallow
marshmallow2.jpg	marshmallow
marshmallow3.jpg	marshmallow
mouse.png	gaming mouse
mouse1.jpg	gaming mouse
mouse2.jpg	gaming mouse
mouse3.png	gaming mouse
mouse6.jpg	mouse
mouse7.jpg	mouse
mouse8.jpg	mouse
mouse9.jpg	mouse
mushroom.jpg	mushroom
mushroom1.jpg	mushroom
mushroom2.jpg	mushroom
mushroom3.jpg	mushroom
pizza.jpg	pizza
pizza2.jpg	pizza
safe.jpg	safe
safe1.jpg	safe
safe2.jpg	safe
safe3.jpg	safe
sandal.jpg	sandal
sandal1.jpg	sandal
sandal2.jpg	sandal
sandal3.jpg	sandal
teapot.jpg	teapot
teapot1.jpg	teapot
teapot2.jpg	teapot
teapot3.jpg	teapot
teddy2.jpg	teddy
teddy3.jpg	teddy
teddy4.jpg	teddy
tennis_ball.jpg	tennis ball
tennis_ball1.jpg	tennis ball
tennis_ball2.jpg	tennis ball
tennis_ball3.jpg	tennis ball
toaster.jpg	toaster
toaster2.png	toaster